number,encryption,memory_code
0111,"9499f77c4fb57faa2c8e80da52e866d1:dee86c180ddfa4cc130d37a474dcde30298a0adcd94ef8702ede99f02fcd392b3f38fd02ba4562f1e9411d6dcde26341ec8cf23c19072206763f83184de6b454b6f5679a95e080fcc38d33b16bdb7bdb19d98c672b6df5f3af524840677c9eb9ee0316437d2ef2106d6c60b7d53267ef6450e3329d69364f989efc91ba6dabeaf38c69e2c749b0bfcfdd6977ac8fad1528306376f7facef88b93e02888031c75a3c51f45c25e55021dc88897571427ed72d17f5e11b2f83f167c35f907e8567f823af53e34f02bba7aed0d7067183006efb5e7e1eed3f4030c24d27999128b5a3e1890890cb90792c301553692ac68af1568e90ded93ad01398a43a6d2f1c7522f783445d4be4851b731e54f044fafe069798e4761e72a5568e9ae4ff7e40ac20b12a9305c8c375ebb8eb6f860bff967577eafaa3d0fcf3fd030116f043873143dfccc8471523832650976edcb927b24293bb548338922a3c174ee2a12637b210d73861e2327d83ee6ae043a9bb50b9c59e14440747f6538052472acd66e67386bbf1792520930d262cb8d8464a6abad68a13a44a005196bbf8de282e2284455d82e1d6b3be5ab4715b18271c6de28f4dfbf304732f93da706fef8cffbb20ee383445a43785028dc36dfda79ae46ec94bfee6ec8dca86eaef79c95c9a604eac2f23bd89823fed0a09b4cf7058282ba1cb41732fb1444cf414c892d74804f4d353b63a4b338acd67004bbaa29188055b1a37dc34257f36267ff4b5b5b8a6b6d94f3e00598971fb87c83be59646b5e8b0e6560f609f95322278eb23874c3312073",VIRAL5
0143,"7af7c7ad89b3b7b734328961278f2b40:e5cc76536655aa2897aae3ae8c36ce6afc2e003acb0be8731858a4ce524a1499052b67379ecffaf78a73b9e93a533277a6a014c5dbdb9ff3b6e7e0454744031ca477619fb4081895447b46a3b53f5e9c69e008950108dec634fe5e85276e35496eae7b051ff7cf67924fa523f0c4d87c48ccd2f4a98b7b725a1559033c25ff91449d405cd41ce05895b2accf108691e9b68cd1f92d6356b5b557974cce5a453ee3ca535cf030633fdf2b72a991c4a06c5e358843b8465fee465a28e5402ab1fea09c876203497f7428f8f53d99d747e5bc7fd7cb1582ebc5155d4ba293cc7aff16d41f4b81f34a41b106f90b73fc52090742eb260dc2e58ef4dad949fc530c6e4723c74d43ca440076546cf68b309e5d06ffbf333cf141f766fa7b11de978a680c7d80d42e28a1e44023a0713b494dbf633c428fb6fe9fe219f574df2fd1785c191b5259dcbf270f78d45736df681c801c59e725c1b73aba7d909dff9bce36fc406ec7009fade9405cf00fa451195ec0ed9ee4df3822ec53b265e0a8b0fa919bf60047f6e8c1f04cca464c2948ed7e6f1ee036223fe9d4fcdab2aa9713749c0bdbfdc55129da207e4bf2a150ea29938350afe489e98f17a7b6d1551c58e41eb33fa40acddd3aa7aebd1a40f1181b0442891f83d1bdb41744731a160a85b24632b88d8d850838940634a9dfe7dc8d5583b8372331d26afb871235ee16e09f5c9ee41f7fb344f54a0f5e45f8ec31d4d70e5fa766b814ce717969d5b2be498d1b8a5197d8d1f7ed763503ec2e76bd623e90d4d672051e65b04b494e0fa6695f541a",VIRAL2
0948,"bb4f8c22cdb5d719ea0b06844e55978a:c097a7a56a3b0f55924c884ef625a041f37c3930341ff4dff3e37b9916fb70e94d12c38c7e3bae3d80381316223813bef2272d836d9034053d81688fcafd849e92791c3e630286c9590d188508a6b8cde34b27d047443a7d7f993bc2a03a85c7c36c0a9915e8c63974423f000540c2b8280f08d4afb85166790a0b7289209041a2691b637d88af2726d26157e7548d24d7c3824575fc0cb65e4842c1144be1394baf49a4221755d72e57075922c7f0747883c6c7d82a528d7ad5f87d6774a08239984c89a22c075bbcc7318c342819cacf206c7f2c96e95c3e828b2de703c766d12ce40584be2ea1d7408660393151bf5f3172c3f0882514fc019bfef74f176a6f23d6e5db3a245f3634bff32e2722f0ab66665eb2c9b99aa45d4114c7a280b7f21649d539cb9595ea878b46795caf2d315d364458758cd3abfeeae7b7883d76182aa8df3b1fa75ae9a218850abdc9d2833a2f4aa2c45b0f299f9f282da19594f9f3c411a393ba3f19874de882563d862195b63916cd5a8b15790e502a406c19fbdb60fa1ef636e97d93f46e7099585dc2cd13b05abdb3d512b8112a3a490b317c3bd2ce82e18adab51b968fa8f05cafd74feccc9d3685e02a1dc0bf5b6d69067d65fc6c67677faea9f4a65838ea49274146fec187cb1d5953013743ca8bca63577b6301ef9883d346c4e6db0e4884a03710ebf45b5adff4bb4680683d44e9dd40aae4b944d64d46fa467479522c900da28688a8d9a18ffbd7f2a291e5b9ab07946b929d621062710de8e1f2b7d8e14aaaa7aabe3dec0fc713187c94b47ee3c2",BUILD5
1065,"66fd13c058e2fb98b3a1e47003577e8b:d843548ddfd0cb665e6e878b5d61595b2b803f9cf9db43bb12ad0b94c7c273243b713205b1b330011f7a850e538ab60f6251823c65057410c09b635edb2c245d2edaff0fde9284163556af9c433cda4557a7dc68ed48cb84cb539847c08da495334468e94d8d47e09dbecfb1ee9dcfb1ab3a3450bc5a055070ecb1a1038955cd4a214be450c2f6cf7d0a8160813e907312d9cbc6858cb5d176364449670e086e02a7fd180a63ddeef22dbba1cb7d8f4c9477e2c9d8516d88ec94c85d84933002e570a9c017c9e4b54abe55bfac5a1c698d1c3934b97300cbcd27b83440a45e3823dc6df3f0480c639de278317151fe68e91d3269ca427c39ad6abd511cfee5e794208bdfa13598af0b9dff69367c527bbd858140cebb2eb86663d2f9b9ebabc786fbeaeab8aa3a907aa7fe9f6d7aece0dde4bb90fcd80d54aa0adbd6dc8c09f070a8f9830eda59a374498cc7c87de14317ebbea734dad07c5a7d87757262b897c170f4a353a4521d1ffe01828da3141d3d5d9a530318940dd0db302ed8850917f54996f9d5e9329f10e37b1d238943f5b5ccefe9051187a2b634bf2641d68bc47dedf36ab02f090c76db16ce8d5c729a6364b57e4335b14c06ed46cb79d7b3621dc587ac5dd794bfe8307efa709748c67ee1d4b7b246e1cb17eec10f6a338f9a86fca9fe3c5999a1baa900ff0a425c33ca2fd778b6ed3c2a31a06216e4e443364b0ad90ed74d7eff216556291c5c9ac1d9db2e2cfcfb5f505f7534be701ea93a0058918a3120cadc0f0184dbab253662f39bfee8edbdc21808d86ffa799c7d88",SAIL2
1073,"453aa82c93c7cfe9ef97344188d61bc3:482b3a9e98e5d9486de00383376349dbe4928eba8f3daebdb307cfa698d23440cef33b227e01001b82a858ccf9957e17c85b0abd3d6b855e54ae7679a8304c1f35663bde4e7a6481c5ccccdb9a27ad229f418fe806f942ee82cad04e05052b35f846e30f4a06202e861e0f2fb11e71601b24b3631e48e13f507600c4ccc94fc394a56ddaedced87353b4b302e2c7413f596cf4e60796b9fb516e1baa33edb1917818474709c7938d0411eddd126203ea7f8636dd8636174eb96d5a2ad8a96305b68fd4be38340836a7cd4b77a081d533de6dfd57947ecbe831f3db814df250a26603ac9e5a0678b9fe188369b00d4dcda080c0c28201f5692dea3edafc7f30fbf8f0490c4c0ebb0903f2ffb813c9a53d2fd28c7001392f180ec4d94c7d86ad2511d717fce258976da633b81b97b8932699a68ecf2f95cc7326e5b58dbbc6f8511ac8e3d9786fed16d351d92ff602a2d6f0250c00bb31198dbd5ecaf467815afa184759ae4f17f8ad3770bcd547059a7fdea99b60fcb0f3bd1bad7bec43a7914dd98c187d752e1254b9efb8fba7538a33abedfa3cf5753735873052f97e07ccc6d25c6d236a3fff73195f185f60e84ae872961242011604cb298bfe449d47e058037146d12a869c6141df9e0b697a809f4c90a227950f19908eff35b0a13c118342ee80699692c825056638e39d8236221ec5ce9e8c4a6b814d39dcc26947bdb914a34acebaab22f1b70bf156aa5f94be20668960c60bfcafac5553fb4af3aa50139dede1b285f6aae8cc8fc05296a1bd791c970e5160bccf6d25591f26f1f029",VIRAL4
1525,"982b9e79ad5eda6cdf28579ccb9bfac7:10c7a975c479e5360206e9d81ae5c8634d9f752704bc77e95dc281b09ad63d00d12527d105794e6a3a2b345b6df6bcb5565b6e1add0334dfdb196d876ef943d6f1066d238e0bb0f0df7c53fd4baa7e26261677c727bb5666520500b40886330746d83e42b335f1a51c51c90af4170471d948d6e7c92b525150f6f2d40a8cf68e9b513a6982fe062dd9ae611d5fd657c2e1117a533d8853af27b553f6c01e506bab994a9caa4a0af0139ee301d67ae11fa52c827b8e962fbec3f303cf98822fc4136dc5e1c0251be6018d28077b741e7f98f2782cc2a40bb51f9f036c936ea3910836e6fc4be4d79b872a13cfad703206866fefe1ee9456567e64966df0193b9e6d7c287a0cc50d2a7e0991d03931221bb7c2a37003a3e77649e6b8c00de951b2437b3e35a82cab1b534d232e29ced7a01b917919a31f86df7b6b371a9d63f1c79276b2b35cac691180aeacf5a4fb23c9e1321653f36dbbc70094145766166d94c79f568d9904eec3dc5650c4f940801066b244e7d12b2752fe5384b210ed448fb12aae07f09c40d8ffadacd558a7cc810c1cea2936e8b82b8a6e2c57e7a7d247106349952cca52df781ed9a5aa9224eb17832553404f19314566f9504acb07a4b847dded9d9dd0e190b29c2ba954ae19ecf4d62f1637cce4d540afaec8adca62c32367fabc22817212ca349dd22908bb9e63aaf7970b1e2f85155b3e57bca74b67f5af6a07336d1386e88661d57ac964a2d62952165caeec994bf2178ccad6119f101b7df63263ce45a1a131e807f5fe10cd90f6ff7528a4a7f5ac45cefb75a1",DREAM3
1830,"1b81d90905d12219a15ba32a6fa290b6:04c8654c3cf74a5e1a7b98de4935df71696c4826142ff547c09c96661f97ecbdba0f8df4248aa6e4f4e6063cdecfe9bd1b41e10f4271e2c10b14673d2fc1441b3dc81ff1c69d4cc7f9ec9b136a23cb418a8a489f9b2d01bce245ab09a244e3fe322e9157f6ec424fedea8544ea63b5d93163263e38f56dfbb1ff662c5bc3118656466995ef94c08f718eff0636f55e76e24a02b9881c3caa40149038718210db3b011c7ef73052eccbac77fdb04fc0cd3d39fa6677bb502837a7cee755e9abaeb5557599d8a7a10e5e08b3d8535ab6a0f49f28c1356511c628c13bb9729ff0658c2d1b7d6ce0c33ad2f0f109867e21b377ae3557e6024d9a6bf9f8609733f50e5f9329dcf7fd9059e0518e3ec976bed911c69024403ecb391cebaa5c97d5911094a0d2822f87779fd7f0da69b0402d65c83ab2addccba2e4bcdc908504e71846b2bb6d1cc82690210afb485750532bcc6af8fe0d3280404fff4d0755d6749235d9a4236a576e2451ca806780406b4b8f95b4f349744a67d61b2a223b0bbac0f7186669482074871f30fc85ebaf09e9effb0d56ac65e6d4d2adee45072208ec5ca7599e054074460e9f85d33558c592f4c2f5a588f3feb0cee2f77a677aa09e25755379ea5ccc9274871bd31b7a63e06c3262f1bd1ea303f644a02c38286556d69e85faa5f53e697b04f81c82e30926fe02c8342f220751ec94f6b222ea6c3447df48b0f42c428ea61223e1ed680013db236122c3894a75b3ca356651a9483bf7b06f2506f7d6ba15790f556a5732bb222359d3c51432205213645de0a5c6cf2e",SAIL3
2663,"fe086dd2d61b49afa3c03c0ec02b7362:b404f24cc6f965789fe4883fc51a8e22003c4ca4bd7ec39b2e7597fbc3a4204502f59eb8dac94a504f92d1d0dc3b1a9d277c22d385f542901420d84fdaa8eb04f239288a2d2d934d6d41b65b497c0198e232b4a6f09cd5e1cd9fdff9256bddfb1bd45998faf51bcfa57e3066fc756d867fe96f16292b060d4012e4d8db7dcc3a54f68a0eb0384011cef1415163a4d9c7f520dc13918b37fc347c4271f0e0cb3fc675de381555ffbe0a4f1bb67b276978e40b5f5d7bf0938f3b75749e95db7457dbf1a6ac8d0fd76964c4a675b71d4fc5710e7f11e2aa735fefbe7fd1d9d912e5fd717a664b432089813e8bb64fbf5b4f1ab0cf7d6be6c83919d0472847d38ead02c227bbc2eea043a4f4392c0221ad8f68f3b28bada6eedf9da921ffa77f3dfc31d8f116499a0f457f0dce20e2bfe6b27e5cf8f371d5ce25d8aacee7d18f17a3d89582a94147793e74adb06b8f1cabbda0a4ce7d230d94fa350861da324b8071d8646b26cf003f38a966f221d4c6542941015fcada54bcdd8365b30fbb1356c73fd146ea178fd4c08d3fc9054ac140660ead664297026c196752501593df53fa88eaf2aa62646f63523c3996626bf51aa252841d5d6a60da7657e4dc0158cfeb5edbfce889d01ed21103d4467ff3eca43f1c4a3b4a7661e9f46700fc7a7b3051aeed94cdb5d5e19057cd50dfc39a8448375827e62be695f4821c3613b1f0153404e83210fafd12528378ab15d70326b86d790f32a99c9caab6c34819216d734f6712dc780bdfca02f8ab9b390887c0b111489c303293ffc2f5636f9628ac1a0b",DESIGN4
2863,"0fa72b1ec3c6074a793b0b8755e0c511:20ca1f5e3e5859e36802c1e3749e0026f6ad198368b69fbeca1cbf03691c5010d569f52a7cf979338b3cb8466196d1390fd5dcddfe167b8443c985f4cf5bf73499bafe1426ca712ce829d4461ab1658d4a51a606895028e1c6d85a8c4b7344280c05819871bf90e4e5590c6ddc1af61f4661fcff0f1f859db789fb199e18eb525a6cee61d93537e49efa4086a2d39166476da8cc3f8147e30c4e309bb6093a0d067830736f3afa9b61013c983e0fa5d054de90378610ca62c28f9e28cadc80c223ca9af999f2345e662b10164cebed86741c4952d96ed193666fb90f1b81efb6f5a2427dfb2b0ad7ca642a13c61d15708ccfd3e08c64a6590422f621945578e89bde261755122628e5fc52bd3cbe5dc056e2ea08249adc0985d891107ffff36f700bc871708cedd7ab27d0a912a4379be290eba9dc57d0f49127cb36297d98ea30dbc6f45ef109865efba38f571ff6ab3fbe89c3c67c280d95614510ef3b02ebe700ff704584be85aac2ca718557f35b0ade303acc9fefe63d555ccdb2379562769c560d77bccd2e5033fc0166be99322b712c25468a5dac20df8f85bde5c0af3181a8a411519eb6d806e5de160d554371b663e95549466fd8b966cdaa23c63c114a56e93a35a1cc64f3f147cd381d1cccd82f2fecf0423d44cf849cf9429e282cba2c191321f35452b53d956975c95dce4eb9dea6f4585efda475f188bff280cf7d8ffb59cfbf98fcabb51258c9da02bafd36454bb4167e3f8c0befdb4d29acdd812557885412c1625bf7d8f17cd50a88964958f713b90440f754b5894a3917",DESIGN2
3071,"d85821c8c312f8fdbce77667d9369137:4e0a20d94d9322cef01dfd3db9f0347f1ff0867bdf6fd7d8fcf29b36b90f1455650bb96dfe690a44c04b883c89171bc3da474bd5d887808fb521baab087ee7dc3ce981362a92629684412ee360aa4133220c734028a6ae9de7862b27bd2aaf6a1c4171643ff27973194de9d68356379c69478b7058198900191a4e54ecb2b75965d1ca3d77f88c953c69f71676bc93688df439fc8c5b9583c806176f3314ddababfd9e1db680918b7b51d72990d873e1fb512dcf1d879bcb2c0ea56d773d41447cefc8c1904ec558851280d1a5abbdf80f27ecf76c1a8950c5648f2aeaa943ac6b03e6aa3cb10405cf7e586d04d2295b1e8f0d3d309079fe151c65cf1e1afccd22adf8e7e24aecefde16b05c2231cad2b7baa702a22e37ef7bb81ef768806487fd273aa57cbd7fd63c800cc66216b05d1a82eaa351334ac49c7340f7c02d2657e587931f41e6722d2959d8809d670827bbf7e00bc7cb6e5e29a32c8a71645115c5018f2c19fc14d9605c954203114551da35a3feb3eeeb1218b800f3678d96e400d6f88f920fb186a3ee8e96aa061c6b010f20c156fcb292efb2a878fdbcd56ca824775eb32f9b538b0da49f60996f617b9e0eb2dc7626386565892b306430c0ecb62cb3abf2726a3fbbef62b47063dc43c451928452360fb70d0c67e4b7f0d66b0c63a258cb3a20e2e5a945ee5c959a132e05bc74b5793f468b8bd3e46754279cd55208fd29ee3fc74039763ccc60c3e4182b8632bf095bdbadf55547c3f64da2f013a75abb99f74763ca24ee7c79fdd19164c27923f7d506e3da67efb4f0f1",ADVENTURE4
3343,"e58836d3309c17b36edcc2f1815aba02:0569361e48c61ed6bec6cfbdd413af2433219ffb35f8363752bd79ec9287961da322dae5eacbb1d77fe5cdb56fcb17e524dca1edb13ad46802531f69d9572cc9f0243e271d3b95ab9a56d15e70cd9545c1482dd6bd6c60e97653bc811d367a9d753169997aff83ef387c3479fca6bd3a9602b5bd3a370a29fe44cd71cd0c8ca994a33b6c15e2c2597cad9342ffde4a290850ca9b201b74a93665ff473701dede47aff5ce99418049691ee3ad0c08061521031a460e68def052b02bce67a960bf703f60ccc3b4ff50b88ed9c4ebc6a7d1af45a5fb42412cc569c4f85d49ddc2150d34f16c6443c36fbc4a80057cbf78162274fda77e925d517f330daa9cb1094fc8ebc5f4d8d771da596e5e7f8cd28fbce5a481b4b6882dd0d12a092cdcafb0c685b970124924c7a528ac4bd38c25dd3c1a3e020efe4004895d5e57e1e587d0030f79a47a79a704fab1788027e64e007f0e27a5dec7e6c6bb7e0bc57d62f6be9a3191a5d5ef730285e000f2319b9001359f21acca257a0ecefb5d75e203adcd9c093d7875fe9f61a6c2a5bca446732a3fea5b611cf8b0eb3fd84e42c9e8a7bb98f70dadad7040b92dfac9c273cb75b435fdfd0a299deb69af2971255480fd647366c2a8f781e72b39b0199cf56ef2c4cbdfb9b881d045e8106ee1311ca039dc6b998edf913ee37b40004e92420a97021a2ede8a5ad9707c7889913d14f494844f91644f6fcb75a58a8905f36793efecc3244cc10d0aa623f6655b4232757c7117ef6c755b035e2849e813983b5886e805771257cc11817c72e1df36b1d672669c",DREAM4
3482,"e1dad90c84983991c7760c81ad44afed:95df486ff632e861ccb6d73debb5819e16efd2ed3d60e8cc27bbb9a266fea5c03372b82b3b9c83d90226f3ee245cb6ef56f08510fdb103ed2897e8fea3f57c50d9ed3a3d187d7c54d9e5abe4863bd54d17a07902b6b11b5846b9a508a78bc9c7ebfcb022f61c75c94030faad7042abef3a567228e9bd7dd5ecf509da4dc3bc28500a5a09db97c48e1f48b3d61f8c69bf6c2cad443e86c6239e7bc16b00d432600e3b355f40d93482b936da9110ae35489ffe8c70b6edfc1cad966e08fe2d19973cdfeb465726d3a693c97892e18486a1254dad2b9e2736f82eb0ed912552aa45ac9d34bd4238c9f2db059d8053032a048916a7bdc4fb8ed0809c565f7bc4d666e28b7683a4110c4f93b1a048e5582b12656a39b3c5de92146d685a579676b951207a420d156824e8b2f19f01814ff034a74662741842f4e36fb9dcb660e8c6d4e25a747fc94a61af65f325e4151569e447249cc6935de2e5c8c674ea643466b66d526777a620cbd44aff0a6c1194fcd08add855d7f994f79a454c74f75508a75fc0ecafaa948e9c069e32d5eb2217772c50cf036c8f293b9ce1c02f49c2198b4ee4071375f0bf3f63f06b3d2235e2718acc736785f135fb9f393ac92b93dba619675e2fdcf6bec0ae52642ebf70954d9f1450904b7beeb648ea099ef43d47778045e71affc4986f709eb1201d1eec4b0fa1def9856ed52a88eb04e5c73a0c3eaa66463df108751def3624e8bcd19ae2f85a72137a71c95f473a74b4dfbd6d45069e87f725314dc5d67515a4e392eccd0bec7d8cb43c825faea0b3bff491ad1ed",LIVE3
4182,"e5f93cc76e8dac0a5d1769d24f5ad776:e74d97604a72c581e185650d8d79e1ebd7f6cf856d3d4526205ccd85ccc004ee850443e897cc00f2ed5c65518b5ba74af8b3cd630cc9c189b2d355f70d3b8d3534434042dbb7c6735630bc0f550140cc28802fed8d53a0e406f69bc30e3a4b2e66102385e77ce0b476139ac7a5670e80ab568fd27130ea90002f603db76967dd8acdc7142d04bdb7d24a9af0e78bf5ed81cec24ae1cfd528dc7718491ad39a7e181e7b75f75a5409d4803ed376ddbfc80eb921ce44a6f74132af5dde5f740056b4d6a577f60e273234ddd75306e54995aa204487195afdef9ba18b917833c74de12ceb90e316eb5e120222a49477fc907fe0aa7fbda7f963d10e0b55cb6505211b35b12ce0fc3c51c6ddaf0a68679beb6d9172d49ea472e05f9baec3e96be2fb850ce3db077444407842dd6934c1c69f6f6c53c01ced8f9b62d3853abc37d819b67d0242374a079cb29884a1cb6428213ee1852217da8fc88d32884204f4c66efe525958d0a5eb9db36bdee567f7bbd69b85dd4f284f3fb7bbfa8c264e49d52f141372718d2f655278ea49ef8849e3a9ea38a5f1ff1ddd70fbef43f02ec1dcac7ab4509c77f2ab3d60439663ca27e74ab5fa37de94a93a4e526de8a318a8805c82d18b43c64673880c7dee20d351dcf33f1f8eae350034d22771d1cd12e20cc3b8fa4f94cf80c35d3b1a36f64a7ac69fcbe6a243f8f64ed04faa3d1e35dc001ad6f4d8debbfc912b34c02627840f13c184a30a05c4d88cfe82921871790898e53088d5c86d66a278b6ddb4da80267b4ddad46eb293bf4fe86e2ac11f3f219161",BUILD4
4566,"c8b2714da8eed8c4b22c0bb8fdae3521:28f09265b0a38cdffec1ee3e0b9285c2b0df62421a9f0b2ffca9e732cda9cd2207683b969cec782639608955727e38e9f653e820b541909f60ab09c0d76312690c37afc82b65ed2e9cb4c5bb3621b3f59af51e26e2e6769aa823b2c10340e6fe05b96204d97fb387499059f64cfbdac4d8feac4c61b04c09fcb107a985452c8fe0e8784064147323d87e5e59e215dca876f9cbe1e23e9cc193bd3f9c5a1a9cb680e4bcf4e64cfa415e95c875dae48faadd12e2dc3ce6f3082839ff4c51e0c38aa5c43e669cc4ce16b492591fbfcb84d8027ac4561ebd2e0eb1c10013dade433f3a5a3259e73556683e76057b296de15a8fd8396f05e096f2e1e2c3d62daa2b21708dcc5ad5ac1aceb5cf41948b42044917c250f7a45913c9dd3c6b47e6ad5d31b756a3077be64eb92719dc6ef5518fb27197600eb35a0af6ce1328b75178e301eac6077df991989063b244d03d2b31e060863916418c9c8571b57958fc75fee9319fbc9739a7bbb7b5ab8d98ee4e1cec1f5de92fe61cd1a8ff198ef1d11a6d35c4e97bb8a94b29de2ad6489564aafb89b9efb94b1c8c35b1098052444314b846c7ea568574b70d94f8d5273c0a3a7dd15b91cdff2cdafd86b9b1e9d16c73ea47696cc50c830f4063874b9aa6668299499632836ab07220aa91118ef987f8460970ff77a5b8feaf60639f37b8c2b3d5fba8b1c7fd827da35b0c371e1928a232d8153c146d01f753aa29a11d17894b63fb7b8557422b305c6c3d37e5cc89190ccb9fc4b9cf2a11d393fe9cad468df3952c6cdcd9f373284af3f90965b585e30d59",DREAM5
4808,"7cb1bca8c4b1d6ff2b0a10297c2a6b41:8ffe342f3418fc26812c9a38b6caf3b4ba6335ac459c24f53f0370723558e71cd96e098f70caa592c9e91eb8621827c47dfd4a9c6402035888bd150a7e2abd2fbe0f8788ec10fd6e0be6033eec902b6d7badefd23de499579f48de4dc80c99eff75bbf91000633be1c37e2b6069ee245bc79788fffb4fbbb2aeec9a49cc2ba62f12dc48e0e30755d8bddb5847e4064dc2a2532b1d50a38badcde8c9af13d05bad699e8a0a15f62de4a2b61ad3a3fc74c85d7ce96548c5739d7a4fca00d801188edfb448f8420e0c780a073136259a96f6cffae57b2619706b8ae9a9ea581460698aef3bfce4f32efed682dda66c778889e80f0a496546a496a608fc42619fdaa412d6e4e2cd5fb5d0a4d90f6ed85454f74a492af66779dd5c72c8a05f8c5520c70f5345ba7ed5f1d21d9f5321ee3526b666c051b73f554c6c469f2f4fc12dc99ad16dad46232ca928f49e7022c314cb74fadb7f8c41e6c6bca7080f7932c86405521fbc4d0f88800e19c09f71f778d67629a803d8ba9373cfed52d421e5f11def0791194d0484deaa6d8cc65cb6734bc0c5a50658e4d2b820eba798df2ae208a598cb9ef874c53a395ea43be12058a45438846721f4c6329fcd2f534fe1f5e6c199d8986734320ae2d49e0040dbd0185e46f0599bd9402091aee2f6e44b6933430cc3a3e5152b15305cd5adae36a20a4b3170d189a42fa438b5fb9b2bfa60eeb53e30012cbe2b528a6da0f297ef5a25450103554d9162bc9d778656a50cd9b38372e966cdf553365985807bfa2dea334bd2bb187bcbafde73c983be8105d374a",BUILD1
4951,"d7189d01f61a9522c24c087fa29b19fd:5697e92289bac1108d41272003769e835ebd367f6c144e62b56cda5db55ea78bf91deabd2672f6d3af9d68134c85c19ba1a260de324cb22bd68ebd405d95d8625585d3e9eaa9a7fc990c1fca46b5ccfa10e7ee473be1bd5acca2ebf83d30d42a48e1c23d9e0eb001d3d1febb4b8fad57832094eb6c4f749e56f54a06368782c26fb90245f7c6b6c856ba30c889c7fdb9d7b80668ecf521af57bee35729219a6b99a427dd45c2bd22070af18022b0c0ad18ab1ece1b762c2ba26f5a069c4d8224af521cd5e7c7dc5c270a70935bfb84657912e7410b1ee4ebb864cf4e199ab17d64e2836b1a2e29be494b1e0f23d1ebb62d2fed151586a687c9187c50703ea6234eda09a8828f83f5d01235fd4ee7c03077e668c9fcf6720bb603c0cd361de7e3a2d59df23684169e1b3fd4c5d5ee5a3524251d00eaf33a176dd9c63e45691a1fa4822fc8b7dbabe69b4629cac7d9c05cbfd1d2d2517467fc434d230a3bf095a9a680121dc35e04aa98d114a838743a2362fe3f203a58444d759561e6250d08a9e398e87990ef166ed3b74cb6a923f8378b95b3e7e3c0d137bf112ea31788c9cef85ed3fd82047cb516357a5203cd0b06a164e522b693f7d75fc436fc176ca37a7c368c5c8e77c2e50993546d5c3fe99e0993b5c67f9fba3e5d4e7f58e98a5c25016efb6c7565b662cd9c31fa83c6d05f868309dd075af582e1e81465a135a0ee8e4e4483bc0721eea2526e6376b5552555bff64e21e70590b15388f0269cfd386387b688c4cc9d36bca1a4fa8126aa668fe1e7bd1de8a968dc30fd56b4051ef2",HIKE2
5066,"a31f7b99ebece229ba555d5a7a374834:ab55f08b6e595ed840c0754e71d10e38af3b8e9a09771489238a135098d0c4130d19b353d7310ccda6a9a0fde4ca27153ca79eef18411a11c50c60c9f72cb57c8351a6cb77bf5e618d814cdcc52ba3c4dd063eebdab5a8fecb372d45c1e0fc1e808b1531b013b739993a3d977ace4f901b606f90773aa9f98320d39d81525f0bf34bbfae923a4a49d1a89af5153edfef65e9bf4de985d384c00645501d9ba45b9d0f9e20678bdbd3a3ff811d6b126a4cecd01e34ddc28461cded0b31da2a9c68695bbb11b50a7ce6e883e49cdc77f34d73c59cc6d72e426b76d4cf13c1447d742736bf5a180672038c7596d39fd4fa37db6702e0f5e703f7ab8d842ada863d778077c815df9ad22931d1a7cdf5d0952b3e140bab87386d2da4b2c69daf4619cb0c4f0fdc2b610ef890391114180bdcffe2a608f76d4dd0924ea0dc3b2a9a6bd2e49c0128ed2814a31b4c5c09bf45c566957b54ec9453949d91363d87a391ef863687d04067e32cae2443f9fbe43c64560e2bbddeb8b8012e2b09624edfa218962737742bec997d0321542eeed7065f752ee9b4b8b08117392f9519d6e608454474e8724417b54f1bbc9d35cddf72fac3d1a44f71a9666a918bcfe5e85fb921764f88df1db83f0215951ea687451a0bab3b840a2a7cad37fb464514645dd122525c532dd566cce2cc03a086061384c2cc35263b8174637a922daa11d5dc2824dced9b5a9b134c4bd9e65c37952c4fbdd913a7704e1ae37f9aa4deae36f5067a4cc520e4c4431c9773a9303326f7d096c89107bf416b1ac3c88a34fa45f0662579",ADVENTURE1
5327,"f704379676f4d298d329bb015e88ea07:a960ec7077987f32002c8a9fe27ac2f6824401b115b865105b317cbf20a29021d23c1530b54ca6fe6847fbad704e3cd742897907c53543fc2863359bb92b30bd826b0b03a85eb1c47f83212293533c15037a3ba7f051a327ca33824070684f66eef07d33676c9ef41a0b91bc48123b8babc34f02986e11308922dc3b099f0c9acd6e8fab0153e2c4a19dc57db1d7d093924722c3d884c1bc5714ac8fc02d3c4c5a83febac2d5d5338394ddcb84edc91b2155854a5b2f5aa0e75fd33ac5e8150bade8b551761634695f32eb183224b062196bf9943d22190ec754cfa9daa82e272fab6808d3ec7ca1b184a41d4ca8e4132a7c37654734bbdfd0a0ae170000c331494ca98dbe32fcf19a334e85ba8626f2d5763d0010001d1f3590fabda302e5fe25523f54d38db295018f7060f512d4a4e2d334a2849e71ca37795e31225a8eb7f1a30230c5f14907c7b859f8734ec2125d9cec31538948c25bb27c59b050d1f745d9082bcd1158ab3e6ff479044beaeec9a43375b0bb4d124c205c7b0b64da91fc06c387b9b63577c5d9ab645b7a4cd86006cefa0d807ff2fadb1f69dfaeac389b17f783662cff77736ff0475799027aff2f0dcbe2ee2be34d30dda0c90df429d47fd1476534fa3a1d94affca5d4892d68b74936784b102915be98a533041bccae807d8cc3acfb8451e6640fb37e70089e3b30c40e1dc5fa421b328bca76bc62006fa81c4e7f88749fb980d80e087d46be39a34a3bfff5990e828be35bf577b0586173137b166fdcfde301dd1e62a4c61dfa85b158b8c49533cef6c626346edc",HIKE4
5723,"2e6c773df5aa41f3187d8551ca59ebb0:0da684a991dca49ae64b0d5f1da7f2bd17c6de24aad27132c56c2c42c115dd72b8764d86f844124fd020ae417838c494ce2857a345b9813cd6ece7110138bd1cfd02294559fddbb5ab2dd41a041a1839d968e2abec70d5d86a657dc36e76f262ddc66a6cccc6e5b3cf44bb72b0800c962094bbdc6120f386f559f6eb835c97f49fcf9c11cf96a7e0666a3f6f52953f08b24fe1c1acffdebd8d070239e65063591709ec8bfef16078209930aea60d123c5f9a094d2247d2a09725296efafd3be1e34b48fb613abd57a57d50eda3144e750cbc01599ca412e753feb603823c0bc6d889679e4e01a3af0471fa6bb2c1460dd11033b0e3c9884ef17c96f82798ae9033741186a848861eed4d36151f718fbd5ef14fa65e84c1b5a7ca03a94a448ed007899b7874a0eadb552777451096dc3c0cac6d36daaf350fc0b36bdd27901bca173f74a10efe3ef175ee0bc815a2216cc7ee264ff5038774d0e63081858c7e0c283dd77c7dcee2349efe26e08137c4f8b176624e787fcdf12496fc85289d7d6dab5b629e360f452c2a3fdbac31812059e10d781d375129f6c39e0f2df0aa5953cb93d5c4872aeff3e4e17084517cd4fa45815fa1a1433c91ed2e45cdd5fa35f2613c6d12c7878657f1e074e591028bd2a88024e83b86f4e02b76a65976fdbc0b82dbd5d50962fa0f55febd590fd80d1f5fcf45b6112b7c7dd6ba01d14de2e56ea90447ba1a779416abb3016050bee1b448025dd98bb7a8ffeeaab24f225589914b9dcd53c344179a1293186c25147f2896044429de76c45931eed0444d7f9c4c",DESIGN5
5780,"b28b3a1debe82860584e00ee219a304d:63be2653ec91a99e7de07c4af8c35241d31951de2901f9d1231034212567d1d69dee6136c86920a507f7d4dddb588fbf93e4b317e419e69e27b3471c74d3a250f13ccf1517cfc7eaed1b249e70259f711677b56848b68516477e1f738f80ce701efa69e1b8b90456be62b44bd566b90ba42738841a765ba36cbf563d5b8fe22fa60b5db5edc1b84300947a69e968bda53d85eea9df9296b5e39ddd8577a98353c3ab4dca451e169415d02f0594e1ed70a3437b17ea2ce96432b6b50f17cc87b0ff38b13d0bfe8419a6b503f3259b4b0f9ca3483a257f086710e61cc01cff300d97d1e09a6a7d218fb06b0032c8ed22ac926012e41ec7e6a93732003ac6529876120dc19f43b30c3cb2ac56af5b4a3196f84fb5f7e373e50325babf3115da35422d7c198b5ce34397d6d0ba0e15a514214ae1cf04fb79fd3f769d5185f0d0f4b0cf95c12e1a118d331f640c150f0476090200f516cbb3b13f92382efe164cfe8ffc47b23f2120234efe92c69f665f2f96317333b1f6d7ad86deeeadb6680db73727c7cf4bff77c777f8c46486028bcc8c7ba66a3e7ca74fcfd024e56d5253fc7558058506a2c969724a60d77ec2b9465ca641932bb15bb8be830ae29d7efc9d1846675ca2ed5b705b7b6c547a5b54b2c91e9568f5b68b12bdcc89b3c884cd188fe6df1d7cc9365713345a29b13a3eb15f75e85153080483a507b27ee3c62c750e646bcf3ec5e89d53e69b6d33760005f0266a079dc51543556c30cb1d52c03d4b3d998f5423689606e7127a9f3a190c6e1c0b736081011f68e612265638564917",VIRAL1
5810,"c5c25f0cc4f7e929eb7acb5ff3938382:6911714ab296c0e095a15acc3a4ba91f9ba49ec18da5f08280ee7eb30459e78187809949af4f4c6700f2960871a32b0d71b4809264098e9914810064eaf04973cd75f847e59ceb80740cc41908476b468f3bc020c707f7c0f2b81e202ae13171a136f7df5bae5d0bab33b17105a149d05a70886431c512a661775fd3de125c457cdb31c6f9de7cca44fdc4644e413cc83cc06854c06eae43434629be8873555e514bdeb3a2d1ab597fbb9541707cb95e28346ae1f29646e395925c636082d8d6a8eef73c243e14fc7f87ae797e16c42a5707ebe3113b95a2d539c769482537da8844874bf11f10d7b52da10f47b56fdb2c12d84d2aa5aa6e5d9e61c2d7b276ae583adb06bc0b3d561d845450e65a1d8662062f70672f76d87e20198f063abf6b1fdc8296ddf5ce0aa416b4db13a5bcbe3341f34b153ef94179101d313db371cc010fb1c69093ad446f451fe5f3270592139bff9277f52416b0e168c456f5176e0e1ee00834f9842df525202de0abe601aa1b0320a37e1b1828270cfe18a70595452a8549ad1553a4c9e1c781319a18ad71bdf9b7a06a6b636f9c5df645bc285eb7079a374c02ebbbb65dfbdb4d05ca4e4d0d148758d2b3c6f634c01f136f881f842d9309247eea15d9bb6a687cd3a5cb2898e4602081405c7812a659859c77117843b19b493ce166295f7f4868d47de385f98a103fedd5b593c762159ee644eab0eab8d8c8ff428de7625163df9dea40d148aee02100aba0a4604154d86b49a881ec49b865dd76f3279ced198b6db306aa7eaa0c832632d0ae214935b44317b1",SAIL5
6288,"8451b959495c429aa657d7c46455055b:580301cb183ff47ff841b47dfa0935000799c714d11d378a5cdbea632409800885dd0d33667fc76ab1eeb94b55da6a9e362949865631e8de2d49d6d8635921c371ef17f4fa7e61170e579031436197f5c9a1c4aa412323a43d33f3fe72292e78ae0c2c6a75f0ee3d347b5c7f5bf11f5492567e9e88ddc6397f30c2feb0702daa21ab89916649f604ddf65b5b390a804fb6abb88c81e282c1963af924ad6bb21063a4d80abf33d43f5731979c55953e804803d664496206f6affc3a41772282b867e59f872cc0f9807bdcefda6a8e7e5c950cfde4591f2a6a1a4f6fddb5dbb5770a4c06c390dc14fd10c2fbbb4daa6d39446ae57e49c40733bd91d6888a7346a04f208c4645de787855881c63faeb7d6d39c3099981c74803bd1eb8154a8a117abec1c3cfacff9186ccee2c6d1a4013eb3a1d8f8b6f0a026069372f2dc1f21e74f6406d35af2c492b99c596cd5544d358954a54591956edf1a8375302147cd99997b76432f1f05f4ef96ec03cbe5176dbe4cc2b882a5a927baabd3ed2ab2dce244875a49a0b0f3c8f563d84cf00c6621150bc8d5e61b94cac388e60400e62f51dcf4368918f64d0894a7afe3233f7937313bb5d1253fecfdc387e449a08e28191713b7eb126b9ef8635b98f7c7d5471306c48d6be33512636b4c6a0bcdc905ca7e97e3ea2da6b231a832a332c6ff9fcdc8b6d7cc52d562114afd0cc92ab9d93304875c8ca6f89d230cee9949810636b8cd4a387dbe9ce760ad0a902504c7db536467fdfcc59ea27d5292931808a17b013fc8c6a45854ee99923cb221cee7a2907",ADVENTURE3
6344,"8c15aea653aed0905f99a8c5da864636:a2caaaef97f80a40d5e261a2a90f33b94fd74a021b761021776a015da1be5ea6b5b124d3a44d21db078024e24f2a9332faa813c7f3ec93ac0493e2ff8cf8c43a5dd386781f6c2f51e48bff6ba281310599be5f670176a8eae98275a97f49b6d36deaa438368841388fb3a1094e520280b524ba02676f2469774428aa2e33944f6493f8a472e23256870c3951396eef01ae0354e7aa1397b3f8466238daad9e7ed611f6d84cb5a025667fc62686b70f47c947bee16c1b3f1ea92630200c4157f83c6de518550c40d8ae96dd139b14497c974c4d3d4fc0324e813fa4fd9d2431918165d3b8dc18cdc0e581b3027e23017d62fdbff5b51c3d391d3729fc46b62cf746eb041a1469e1baf0752ed8cb16ff2198a36644af76a0f5afcc068a73bda1db8a0390ae02070846b2617f6e24684e77e3e66ec07746a8f925e9c63b37476ab25bda45e452e03410cdb772ae5dce1fa6ebe141b2ab0b1ded45e025e322ba7dfab1a92e06369d97d786498432a96c78977e1422a9f962421a519d397ab744c208bd155905cfdd4c3aadfac706d05287551a04ce10c36c37ba466d6c38de2c4e15fa2b39fb056fecdcec45e4e821be5e19efa67a7d19c5ba8ff9b9ccb206f74bffe401baf628a5156ffb92fcdb4904d2583b793826649154bb9ec30c90c5a3891ffc74088feefd413ddacc1efaa6f678544ea5308019c79cf81a11137a9b017d49f4b3db8f7b1a2886f67a71aaf104db2283b27eb3c9f9b2d9d48e38c485cb21a44a7c7df89c718a8c01f9e18cb64f75bef5460d3b6409a9910361e6ba1785caa2",SAIL4
6425,"ea32b33883a98be172f05e73c72720e5:df03ec7c71dbb9d88400e5c8591e073ffa4b2997495645f7acb33c9e89a210b4543cc348a0760eff79af558853782a05aa6235c23f679c567ac401ba22465a4c2a3ffd9b3d1e80f81af5fbff1177673f87390c3805eea562041b442ea8cb7fe8c0618a042f117d8a5e6643c2d7dc5448786dcfcf72fd2c655030c6254d8b63f07559de1d0ae5e9cfa006122438dd91672e7843db49d4e5b9a1191c75c760c85ba335c9df501ab36444f808fe64161f7be32d25cbf278cd64f34168342cd0843669615759803363f89f3d1d5e7ce68805ff2d64429c292806fcafb5dfc77e19d05bb3755664614347e8b5167f7885051cc6a36762ec2a490514817603b0736c65d737ca31f2eb9d3946238c6b9da1847956233b5a60ffa02e6aaac9267209604b46e0ea3a8d494125d29cc38f9a264f8764f2b8d0cc9942dfbc9170205fe665f67047e1044050c1543d3bcef7079db73251cf347ee1d703d81db0554c0c12900a3f5105c2f2d7793428325e6381af1ca71ae2e54721a4d04fe3a575e37a8a4217421c2ac72d37a2c256c8ca2c2e8910931f554e83c41c6ba0d4bea7e96ba71b96f86b4a2435ce666fd578b444ce94f9e12de25f1fa89393f30ad569779e62339e79b9c9cb958ff8766611c0d1b2a741be5f4f902b589529beb3e741e9bb67262dc0f91f8a155e18c36e831583de4ec01e67e8abd0f3fd1d0f37402478fc3633ab97890141eef1524ce52e736c57fd4ec8ddbb0d1c86e3b9b82257bddb2e1b3a1bbde89ccd78e507cdba6b5a47199db2283438102085abaafae02dd93b9cb0f89d",LIVE2
6493,"f63d8a03c00220979e7747bcf5149f09:d213a5dac8ac639e85f42094ba0fe00f3ef36c119beb4eacc160354c03e19786b8beb31a0f82e7ae4c5d7eb110d2704c12fa2c9e9b0f8011d7f84fdd21f673a05f845bbe190823d2c0dbc4abecff2ee7cab373060b0c5a6fa74179b64c48228e15d3473cf3bbcab36e63919b7c2ca9f4a1fe9387562d2d94b74c9a1b1b1a51b5cf7992d2bc57226855adf9990b9f49e0df87ea56c08cc9a71560894bec2b3ea3c4d041734f7d6e99cc9fd41ee1caaff68f76e3224eb60918ee12c12dcd066625b8a95b4a70cb9c1d101d69279c9e93d37a3ddb08675e22d46235c2a88784ef04adc47452e3500cb701d1586efa6b22df692d88bba8cdcaf1a10b112faac8b64ace0277fa836f9faf28c6d0b455c4cbcf62034af4f6c090b55c7650dc57fa0334dc89919070b06bbe0045816cb54d9774584b678d23e093ff8fabc7a297c6048c2b18eab6b45e103b1e67cdb0721c831a1a34d5b28fbb33d46d54db5c520744c6c9f75a3447c77b36155bde2c9c772e91b7345682a568f81f8a05b7b2a109fd6eaeec28e600daf71aed07111ddc1e5e6a711b270eeffeaed80475975b55dcc8a47ff996c21916e2b7f92bede917b190a93238d6fc14592462d80f7616280d1634b0e3a4fa3d343dcba3fd48b7758e92d5ba92e5c22c488f98f22fba11bdc36e59c7717997a782a9a9b7737eadece3bb18d2f79214f7f397ec26df1e1765f0be82223bf928441b78cb865802e0ad859f21e7c9002dabac74b2de3f8e19c18ea3ef54bf178941bee39284df1773a64d89f3dcedc6c551b4a0a74c1fcfb050c604ed",VIRAL3
6697,"91bc894ba327bcef6c6921e9a87ce472:905e69176b46da34a6e58396a6a6a7e3d4f19c814ae5d4c4df0b557c106b28d08e95633ec8fba8b5cfc13ed01301cb2f72e645517d9497d371a779ccaa7e649b6b8850497275f4fdb1735057c17ff813c998f57aee56b00bd1b1bfd2391b303e5273337dd11cf939207fe5b48f6155417c208fe8f4ad2659868a8cdbd7b3fc2d91eefacb736b0c1d13ff89b25e9efb03931e93fb0130bb141009af20511f511e75cfef35a6c1a119fee43efa98f89cc51ad8d80d68c493309fa15ca0b78e13e9c154d861c2236ddbe19129b9e8886b8027d2694991ba0454ee275d2988184e08f530d29b6bc66d663208fad317b5eaca21689ec64dd070b9bb5324f7201dc6a9ecc68892e972af28976efb6f76f07000ca321b30f70b2f0d0a263cd22751435179102b736e6b43b4cf3187525afd2edca22a4e2f74d202ef69864df81331799190330b657e9fa19f793dcb10b2f393abc6005d4dc14586b4b7b231b6548bdd776ca54526e9fa235d5e02a5d0bf20b3f5ed501bb90b6d4a139b9f2cfea2170e83b6fc01074f3b0cd711139c92fe40c6583684f834d3ef908ac9aaf1e4030745134311727ea57eb06964d23b90abca8bdea505829e642746a4f16846f0af7657ec6e9ec17ece7b7ed28cf9f7ede91603bfa5ef4bc93c29782b44e8c59ff9ab834c7ad9cc506fded2d474bb77676236865d6bbace4c8b05cebe098c474053e4241a8308603ddf90d3389b052368c6e9f49ba2b395203b23490b96e5664aef3afbd9bba196798910e8db8b4b7e3c2b9aca6142df5d54aaf13a842d0df3c55a987eaa",DREAM1
6959,"c8aebd189fa70870b4220c6bbbcbb80b:3905cd45abe6f3ca5da26ca2959da9f3d7d03dcb961837d6a3287cacb1ce159ed357c3c530f477d2b46bec2c4510e8fb6b96226b1abad5df00cd577764cc65cb1165b0a8ed0b4dabaa2ab433a7d32d2ca8c1128b7787064d3d586bd6e031016cb464d23305044c7d26c295fb61f44f8c143e336138156a16409434220989dc8fd4d2ae77014ca6c4b6b097e7e275bf71fb2588f8e7deb6aa144b3cabc38741080c606f2dec4a9b47318a67aa51d31bb2fca28ccfd43950872e81de8b0b4cfa482fbaa538379f3b99b2dbfce36e72fb100483a18e968b8cc9f115e675f6137e5194cdf9177d988870dc92099810c20124131bcb85f83c5c91a89d1f2234064684095890a60459c18301f8f1117a7084a213a12586b2456845cb59667b06e1e36e8c93fc998a077218e4aae10a0742b1d0dc94563e20468994ac564965f47b0a04fbe9f6f1a6041f4f97631d5f4478889847b6a1e4bb4392facc77e330bc57fef0116e6b446720a3ecff67c20d7fab2c2aacc1cfdf67d106d1b57294c9850240604eb21de74f3720428fd89efd77b40edb5b7eaacd8f85d856a27888cc4f931fb21e81b01602c252aa4a027b696c74c75d168e6e0845933b6d7921604dcdc98e26e9c3d47c40d4ed3bb8bbd250ad56a7b29a06e09e8f183b2e762f651d86189c1de8c6b9e7529c162ef865c030f040f7d39362ea99161a9f9b4f59cb89252fab289741d85c202fe3573cb348799dcdf7118b6d68ace0e73c938fbd4b12eecea1875678fa17d08a79cd72e6e0b5cb4a7a3a6043ea10e943d1a6f80d3b4f73786a65",LIVE4
7065,"42aba420c250c55aa558b7d8e69469e3:a8f6cfe47797da1e58e367e593c85327e0af84e6356fbc050e08a99e3d7d4146d61ad677786e5b272e8c86454d260f9e6c6b6ae4f91ecddfb7eb92d1fa69ceb623af6ff19ed42f881873a7d33bbbcbbb37631a64b8d0f79c994d17e9eb848ede6956daf3587075eccd00194271de1c7596f81fc10f32e56e2592151e9299eca1096b682d5e9cb2e6b0f514ab7d075bf0fa288248e35abd8267546b14e1f37a65253a62aacec024593412661b1fd4e2edea56e3f4439bccd7ccb6a668421f098eb77f2fe873346991f23c6d2d354fd011c09a4fc33457846db5eb10c21cdd684f1cf6b952e8c638ba7b67eebce3f2a4df5e8c7158c186c29259dd3b6f6022e5d15e8faf599c6d0df520f850f2cef130c09dcb50ac53db1a274a2209a4deee4e014601818b0a2931242359716e250e51003946ff52027b8d7274716f7dd86476a8b11567c9da8b9eb6f3a5b4db6d6527f6f0cf1f17fd1a615c7f22a1e4354ced5d740394d33168550b1f32c9b2f5df04172b6e32f74ec83d83d960f2a7a596ecff05dea399c173e5b81b3e50ce90c2bece288b4e94f02a16d06f52c775e3989f5f4306cb809e8552c4f86724d0ffded2113b51ec19c14811f9f1fd2f207eb8aef3d0b79a0d8a6dabdfa264b3c4a7615bf6c065a3acd5ff8eaefa4ff0a32d877a6286151a70f41aec70a0de7470ce687c1370a2ba00bbade08180f87246742da1ad7d2f32c01bfb441b3f85736362712131edf97cf2e670d53a88afbb9c9268b4748b4b5e01623dccfe50828d125d16960617c8653540236b9c1fca16d558abf0fe",HIKE3
7140,"0571fea135626cc86086b0c577656baf:3f556ffd0e5d3dab8cdffc388d089cb3a2c14e50f848593a8aeb95b454883f4103dd1fe5a7cb0a4fd6248c795ef7c26faeee46c21207381fad161bcc5ccb37e25cdee1cf293e10215fb5d62f22f59b825ba5c677f92d5caddb07959f4eacecbe8102fefd3064d54f0da6a08290e76c6c90d01698afb238db15af14f3c57775ff6ef1adeae1c47f38632c3c140be9e37843ec055fa6b64c220f903e1a23d43d7b909b83d0093aee30144439938b193cf094d38e3166044537c62c36c97279aab9d1b2b5736f1aa1020932d03821d29494f16e4bae008881dc3199f86a5808a845ecd30caed830cd79ecd08f7ea3c96f9fea048079b032e979a6ed6d1c9c2c813160feb45c4f111898a9fd6b6e8c0200759a66e988ffe42c26f79bcc9aec8337281b13042fcfcb68b4292ed0eea081a3b9cd0defe816b7c4ec79ebe37da871c7dc993991699a0a29e5e107af3514d1610be242d94b4ca348180aedd2c2c9833fb5ed26e97c4945012352d72416249f0d4a4f18c5ac3161f6b0da092dfc11b1e1d8568cb0ee39ae8ad6a866752f96170aebef9885dfacaa05f71d3b51c40c9e9caa9636c4b661b91ce112b0b82289da78a2214f43c036e608fe3528b153473e71de80848049d9f80cd1dade3f30167a41ceec2dcceae78493fe2dbea39a5b71e8e3e5238c9da72d71f7e8260c7868b8421629f86f36a610df6f3c6b1f8663b888d79e4dd28d1cce169fcdf6bf602719570811462b006b4dd738cb9d2af974d00d39a17601a08c717b6e40a8c2e4cc440addefb78709ae2582ce7857299bd7dd6293",LIVE5
7419,"bccf89f0f5dfad7460a2ec82086621a6:984b4ebef15a53cab5d55ed4e30a49f705cb59d8bdbe5898d5f1dbbcc7ae05cd25f53a15cd87a1f480c815e7da33e2f8432c9d44fc395bd822e593752eff111e4f63484dc917a58c235b255ac0177755bc8a95b4873d4fe0b960a33d7fd584d8408fefbe8f7eb33863f4c1bbd1078a81d4508be4dbfdde6e0d271a059311e36adf256a12c9d9cb1b267205c55a7aed084c6d23213e6eca2b4ec70b1e75c82b52d0cc2b024752ee05b1ed537d2dc0a1a530e0b7a379d1b8e508f58bcd3991b015a4b3da85605d46f07d4592f473bde3444c3949bbaafed6a1cc0036b088cecc5f77e486573350e9c982a37df1804c8cf5afc502b8a88e740598e07d19b82799d1175d01511e50ffa6f48a61d7c9b5d9197df158cc02b4e71390857153f43d3ed23996fa4cb61cf569aec9b19c5a06aa0148abe73395d6f5efb24e24d21a04d043b8e5148ebb9f67456fd568122ec178df3dc942546d0db35dd6f3fc1e487a80121b22e103a899133a4c566275a972d7c3e9bf7082fe7c0ca110f8d73a7c27d6ccfb70f5ba00cc3c0011468312bcaa0cc9b4f6a506466ac776265737b0d264b51322413fc3ee8bc64017d7d032b7e3ff2e18599042ba7597bac62faf3e82939ccf8d856f49316c489a9a861aba6c37e32777bd6fa851ca997d8ce675036db04685a3cc79dc559fe08c1526246cab36b889c39dc4e70b5378eb7e1f4d493233535ee6dfc2bc99679977cbc155616a83a28b1f57287bc980fd7a4031311d19e05b45446651b685beb88a03792e364189c02a7f3dde1c9b3b63809ecb7346f60199fa",SAIL1
7736,"db9d2afa548e715973f6f74354adaa64:8a1eba3cc5d0bc17fd82f8f05ccb30a95777d831c765f653e401b9906fd1dcd20d15363e30828d45343ec898bc8cb44fd2c7980b154013c1d509906d784c30856403688bf98c2cd766e06b5482a8441ffbc4ab254da9f3cfff2171b172899ef3b196646de0ea08a0d3003b993cc783bb83739a279ef7f9849b771540392be0aaa306515a7add3858dd9e32badef2c8dcb6d9ce115f7d9711244866113b34a8c0eba780bc897a2fc84c4e1c1877a0a2226e16c1caad1c42981f6b130b6e3c5a594cb3f49cf71e6e45b11e52130e570ae9e13fd3893b021337d775fb5311c44b8c6a70a1195adb7487cd9199aaa5658f067b36a6c7d231340845407d4b83e0d45f750bd12130d6be72bfe3e4beb18b6747e3b337bea86ad833ae44bc45c0b39ca476bb9ea28af815c841fb5532336b62174ee62c8939e8a90240c32aa9b3271e5b3997acb73101d23d134cd3044969767cbbcef577c821b7a169c1d890acc3339d2b5a8a01a786ce55d5ea25506e58a44df71d2adb120850d96d9f9a0d517570efc948f026d5ac53cabfa617ca0d1f9af7c2b096657c28ba44fe115f26c04e8e4ee66416b4ecf48f7a02874276b789800c6827b6bc514ca46b5b3bf68efd92329b85c813b76a429e501c6e5776181990873edc9ccd5ad0c5cbfbf018eeb5784db9320a11db8c0e3eff91c1449a4876298a765bf35fd14a75db1de4d9ab4a54cb92965cfa6247d090cee65380ee2b41483e833de83f69442f76c76067813b6ceb5b8163cfd8397e54eae5bf5037e55ea1c50ab6fbdfe94fd111da071ab100905488",DESIGN1
8719,"91bd33e7eff59067b097981533b1adc1:27813985c69c3218a21414cb3252ec5e2f213e8ff88b4beba81c19a276ef8bd2449d5928e42a61b4c4f5fcbcf95a902ac6574aed8dfe0500d8950a6bcc48c25f3355420db362402bd6cedc0c43730705637f99812430e7d71acf4f81c84b518ee05dbfdb9aa7e66b68fd9ba07c042b7beb7d52189007c743e2625679488a01e23715de02cab8c2f71ac4969e75fc34227d5290864279c6ebd679c3d6012d722639883e9b7cebaefe6506cd485a7d6ad09e7cf3fb5ca05dbaca7d69890c84051fa918867984ad96315800acaeb30d76afc143e36749f86569a799a618e632c534e1023d960b738535dd5cf90bb964e3742f14b2cb2c13140cfae2fdb4c5ce1e75aa823079101be49a7cd2395b20c0dfe2b7f706646a4e1fa2c0ba826da9cf47107ecbb39a1923a1ee30ba98e66d3fb82844e99c102ec4028e434e5bd97e98dc8aa6aa2c78db41bd8f557d6eb9ed18f6a2d648599f68eabc7808dd866acb64a58397f832ca6df5e634f56c225d347b251b833084f3302babf5c1c1fd4baaf34e0230440173933340ace77a6bfdd6f27a26c48b79130fe3fb420b0c5fea748e8ddaaa5920a7b292bf7e68ad4b32cae849e1b414f623238c1a9f79547bb82732d1c23357ed309b8614693fab5faab089259d67fc4f0c7dfdf24c637f8c595f1f3f186150b52db91ca1a688ed46494d44795639c99afbe9f78a80bf939096cf7ff886e1ce0bb8410584ae462ab3041ea233f8db274e3059149171d50241ccc915b75734afd5dae4bae8f4939e1aad67b4ac9b8bcf6f2eab809b3821794023363de7ae",HIKE1
9008,"8b605524f52bc8a12ad4e0c075ee056e:3c2edbae241ca1112dc616b856192d77cce9291e13cd3df968cdaa35022c88bf0dbfc531dff458153d555c8809493b9b8b0d30fe579b605a09fcfb4b6940509f13e26411874e1d8e0b5db92f469561f3f6986200c715c4536a01e29394a72d921cf8d11f461528d0c19d07a4243e94a4883fb37807359e6879e8f42b3269af32d979ee2ba16e6d9163f8dd3539f72ec094630e6275fcdbe49d4d88d1fc06cf8033169753093f03dd5011e7dcf0801173c20344e4362721936b4d631afadb1a211bfe6bc21b8d5509e0fa5ceee9527ce8e94f8b231c73559b3e88c9b7d9bc8dc62b2dd72f62bd83377df5345f4adfe2b49e4d136f6f5be5703966bf21cfabfaba0036de8ed0ab7110af54530a09c79609c9f2f23ddda52976abe841d3ef8395303220fda1bb68c208e77aac3c3f82b900422851ef3c604346ecc6089dd3fc75d5f3b042df19621cad727161fe788885863cfe9c79187deb61341f165c66671fc3c9ba8ce739ddadd39f5a9a8ad93311e4e48c60339f2316307d02ae0607ac6e8f1c8e3f8cd6991625330fea9276a3b38ae7338812b0be0e3262d6927fa1cadbbb59b4c605c58104d1aac9bb14f4b489140daca9e554a0d00d6dd1b1cbe96f74e83d11340c98de9b83fc557029e12d0035ee40fa2f94a8482901b1b5c82a07405445844e2a54e2bf5ab28d2330ddfa6716a3be518a533757f2c0c033983acd45af26d6b9a6eb37c4d4288fc66a4ed9c5a8f0912682d3b1971ada8ad630329044551204fd70c4c9245aba3eee5f0d7a4a17769d5529ac3d4de80f46fa4af2738146",BUILD3
9015,"0a8d3fc41da8c6d1cf50582c4d140fda:96cf94b35bf5185c0ec5a4bb3b9c2d60bc6849f9d250e8b2308e9b6e9c96429335516f5c54437a08a36a3644b762203619021b7b987f8c044d14385aa1f3749a9ea131268185306708acdfe6dbde4e0be7d2fc8023c906a1178ecca0801d4d1bfa7c5729042c92be04fbb0f399c215463915b0afcc2ddc2db352c0e08bbeae966d043948b1fefcd07eb74487380901f23e291ab49a71e2741b1591b1d8928bbe92ae4b0a9ca56a03a4d1c334b692e64c6b4684260e38abdf8fb6ae0bf5830421f6643510402d8ea31c0c4d688d53ab7031e3fe86325f03b605a113ccaaa0fe75df02af705922d8db8e0bf3f8e2a6bfa6d80f20ffb5f271443084f4f4212e7ec5baf96420f3b265047831e77c9ba7dd09defe3f93a8d2c455693a23e5dcbc4787cc0708d48a1d3dc39b4b28a4f0f0e06c9220d34a699a566aadead4b416c942a0d59081664d59844d68c8687246a70929f3ba479602f0b311ec29ec3987d113a4a898d5ababd36dd7d389559eacf8d4fa13a6d1c53f51572cecbc9f70ece3ffd8c936d0d7ffd32e8a9136d062486571214f3b71a6b6947bf3a4a04a7ccdc6fefb3a0e6c2ae4f48576054e8a7e2706bc382f4c8224047633ff7a86860d235c9b0c5085cd57fdb235a804ac568a1de8aad6ba9ae265b86e6b2e3322fd8e30f59fb6d5d1767d84d8b35312dc28fce09203dbb6f497fccd795d2ba976d1ffae052e107ee8acb887776bfe4e512b0b5dbd6d45841dcfc5b89779a093b8e25a7c7f503f7066a8c7680e8df710e641f8c6a6a5dabe9dff09ef46faf92d2e674fad336eb5",HIKE5
9038,"e7becb943893d6bf60247747f409401e:20f41567f462532c8dac215255faf31c89022f36e263ef60c227202002ed3ec8bda89f43da18edfeeb58148081c30becac33400dd0868ac3d38bc41c8959d7e5c87a49269a442c27df237edd941d656c3164fce1a0e07f5fdb816cc9a6b62616839231b73ebf59ffb021dcc008451c92160e1442e48e0464c76decb56294275ca5c6f3f0785de0f9654c22829442fc7fd2224148819e2b2008dba70c2fb9db20f2df15a662e0d178783ddc70c8b166af43879060f5a93c910f7770afee19c39c6f8d75f95b439fe4a05b09a62f5a65c5ecd3af23a1c1a9d234a2ef830e52944e5cc231435b31bee6f3ba13f026e5ac6efc1d4d8f67d77ec63b47727d9ddc38811cc69f142a7ce2654c40cbefff10ac67153b6cee2b9ede016b347b5cd65ed77a2fb9c353abca20c2550f26aaccdd2f7ad38dce62b710b17afbc75072d03232741ced7ce3a796d944937c08235b83e918fd2b49c56bb811814b2bcd1c9d30b961fb582d862ef43b62608286aaf12c32fdc501524c3b7d4dbc2c56a8ab6a3e7755d1c5ff022687d5e8f9116705937995021d661f3f62d633c54b47503e295f2625a27ef2ec44a81b0984c86f34deb48275dbb96114ef1efe13955334d6cfa2a859b81a5789249c891dfd38ca5b62d18b986555ca22865591881afbdb33a744e49aaad5696c755f06355ead9b4e1469cbc41f02d23b1a0e65d2e0656e01cc07cc291eb62946963958cc3eca4c9e157dea171a28df1a76443b299793b048036ee9a5e346efa82161180885d890f2cdb55f0f41ac17b0dc61bd4a384ca39980d38bbf",LIVE1
9074,"ad2674ac6aee8c7873999d46d97d9fd7:1063e46655aaec5192f0c498ad26753c3df0ad0d0f07b1ee745eb756c945cf0f662e9c00917baccbe7e39ac6a92efb2ebaf37ebe50476c449d453dc39f3e70e68fcd3ddc57051e1f460ce6377e3e23677fd169f4a4df4073a9225a0c58bad7e24fcc6eba75cd883eff841dc4bb800f55f859630c93b03087604a15d2286aa5813a47e195cf2fbcafae5ecb2a9748f683d26a41cc4105353ffa17f1d054c025bcf7e233d226a7760d9546ee78f2f2ddb51a56d0efb1d4d4aaf8e1e66d4a80fe5a7bc10b9da37a08728a58b36ed893056237a60282a98dca0c3e1675ad2fd6967ae7069bc8bed0d374ac0f82b2f47a736bd723d7bf98d58323de9cc1283a703da14b9ce1442e0e12fef201dafe809c04c1f65a9c18deb51193ec79b0eebb1a17f9fef38982b3c72c605a502bd01fe1b7a299d017e9b534490e58b18575d213eeaa5c17bcb879e898cd23b75a230902ecdc947ccde7820726c606d19688b7c065f8c48cef0854d9c1f327bdf6b30c73929899c97c7548dcd0098f9970058043f2ecb6c52bb43ae46e428d246c7d4209ce0b38a080fe3d9040321b93df3dcc615b54979a5379c6019f2737d1cd5aedf283993eae554c3234abb69c344525c09374521494efb0a479cb727cb5bd145d61e527e7d3361adecb2544fcbe1efdf676ceecfbff1df0e0b9b95394c5a2ca6e95f05d2fb430cac5285c02861c81a8be296045e2a846bba046f840a9fb5488a19ede08dcb71a50113d7d1e8b3db96983b480e6854b1351e0d1e6362f3821ee329b0d75c2f78621fd0ef786dfddb6a8e97a3b5b",ADVENTURE2
9376,"a51a79032bb3dca59331c52a9d693dd3:7cf129806363a4ef0314537cf0914f269f22d07c8efeb38b381205b540acb1f9caf025a490c5561b454ca505581535b9c372e084f5135bae19383251cb110ebc877d2e4272238e34b02ac57197b9a6c9d31052848066d03f649fdbb6d75106f49979167c36a54fa89e66bd159ce1e19ad0204185b81f912a8194fd7c41af871dd48a9eb84daefcc2d4bf01468bbf97fc8363bb84af577526532a88bf2f8c9b8415f2c686f9caf898a44a3ae12e0765736962057c8ff0e2e96495b1922211a848887044f9034b0c637c361282bcc70906c8ea39cd8688ff5ac9c47996e1d7c34074a3f2fd569eddc130a41ce30fada677d2497b5cf984d40b17a042ba1737e37aa858cefa75ed98656677f1de5ff799791b59fd931ab912a00372528fe40c3b43ebc279d364b67af855f68c4112381c2db641d1c10f4e37bdc23acad3d9cf809754d7c273a940150f27925d13cc4ae59145b8fd87b6334ab5b5a3563002eb2f0b3248d4891d11d12f22759a463d6fd091573dc6ef5aeb2f3869e32a7c3b3ea6762e1c2f6e8c63afa6fb618d2b222b3a328615c4e1df153733f6e5d6883a38015ff59add6a886866338c6248163b32ac2036e0a59429fc78bc0ee55ee408cf1754f566e4a74d67a33b1d1db6e0b535976465e61bccf760324596ff82b4b7a02290f3a7c90ad58071b3e2005adb2f6ae864c37be1e0e47922f0be12484f66c472aff899c879a76cb422696d035c35e1146aa4cd099265175e38c896010ed6413b05fb82bf507b04aac729f8f20ffa8494a01ac66f4ff3643d4da9fa263fdea6e476",DESIGN3
9399,"03aed022bffbd678f1b7c82ac30e4043:26d391994f7a1db92582201f9fa73ffcc9db58844e34a98d20665406d0ff0cc3781893902ba3817f8e6c361f2e04f3d5355e1a53e126ba0218127aae3049d6eec4448bc7e296ed114d50ee1ecda994e5c8b5741e874fc99e410be6b0a60b3c7e1cc1f5a30c781706b9eb3122004708012a31c50a18d012bc71acf386b6a1c507372d081a974677e4d5a649c3a61ad6f890077c0113eef8b9a9a1d2258f401a11332689975b11d008a0ebd3e68bfbda538f84570c176b9ec27f4c1a2ff702b53d81b71e1eee94e65236e9238b4f9f2a4e9a0b8beb19fc81425af740e7450dfbce69b6bdc4584f8569b0f5b040921ac12e2014cb1110ad44036c34177da75e9fe565fe49e836a079b6dbf89b2e007979bafd811d8a2fb9069d78866ef34eefa665ec5797688c407d24ae1084e8d606b9ee30cb112baf351720237d7320c1ec34f8465904cd30795430b86c4b7d561edb782f78c52419b9a4ea4cbc3708a40a14861c0a9c2093decc19c599f31a3d4812d3a437b753a4c716701096f0dadc78a1ef7fc15ad468461d6e253d2aecb50af6c52e8b6c90e9162291d1ba0e18a3bb15cc78b8b570f36e64224c9f548174201877efa26eb0bae7b536d699baa4c96961aad3a13ba6b2081fcb54af3d46c043066e13ffc3e32b4cf3254148d16b35e04b17e6254941c41f0353d64b7e85abbc6186ebb299d4a8d444e20de12c0baa2824317f5786efbc592a415581c7c2ff987c5c6d14381e3652ec25446608967c12d8ecd42b4ff432fe746e65c28efcf232b31d1087e492275c461be7cec63f8557f525",ADVENTURE5
9574,"0836a36bed16b011c7ecf0762d55bd3b:8b6d7216be7fabdd2fb001ce4d60a87c319fe4a9fdc1a072f9bc5ef1f93a05535ac45ed0aafac5c04a7c1606794c57507c7035586c0f5a6cf4d96785c63ba42010c918ecf5ffec7dd03f029bc14791e6808e7a478ab8961a564fffb55a1c68d95f0a2bab35510b3f2cea1585fd9f7faece4e4bfd8d9937c9d4402e69062fa06adfb991d6b42686e83ea3fb09f0e0df5dad62ad7e87b5ddce6fb101f6137318cb89d1e0e1650a095eb63dcdaa4aeaf7bff0d645b2aaf7a73e573ac216dcb784e261b64087af95d456a33bd401411487cce4b4751f4235bbe8bb4c4988983e0e03854fec2d3d6c606aa9e753996d61bc97fa417f10e26b8da029c7cf39d1728e1df93fae5f0076eb00d5921ef495f9365e816a4327750fc1aa8e59791c1294e899d566a5112916cb8b7177491542fc010d21a74d82d4bf05215d43adc708eed8fa8d5557b38d4ac488c0d4fdc7186b6ecc2404f5860c1fe3e9a37de0a8eccdab37fb10af7292bd2661579cf2deb9672c6f6d520a4f6d93f6fb8a6d1a4777927bbd6fcfacc58ccebc17045bd49263f47de597f68099351ad861f638f3af5829959e9ad356b0cb2d430f5e89a1fdf8bf3ff1a791cbbe7c803bd213d4d9597b66804b2b15e71334fb50f0acb00b60194642e0e6622fc5d6429b5b1163aac80e96d7c939ce909964f374ebadfcde2224380d6d96ac34d0acc6e71b11296e808708baf36b2aec3be2204a40fb72abfd1e338875acfa0eb54bff9f29b54a8259df1a78e4398851debb32e8cc465334060331d7fff0f27a48db48e51d85b089fbe7a44e95",BUILD2
9671,"14bce08001cdde3288e486e68ad6b1e7:9691141dd59b9ed4c756650873b28fa2b6cbc014a5fa1ec94db367e8f9040500b3bf86499519175fe5aada18a2c5870fe10cc857f9bb65beb8f2b9dde8bf2b3ac7d3c8e78d39e2d1dcf7cd0ef1ce704cbc109e59ea38fd3be21d3b723682056048e0b995fa3f098ccc0abaa220782fd5a9c848092846e416c69b8a87055555ffd7d327d2cdc6cb281fdf9efe23b52c8be8faeb1b872f0e05072df36d289139894dab11e053e96ed57008846ed7ade0fd91aa94bc6d0972ff4c7ede8f4515e07e6e1b98527534e6c0e7fb1b94d1128d9bdfeea701cdc2a7771eddddd978b580bf67096129d56c887c0b2e6d4635fb2e64591fc022f6c79726fb98fc13a33f5be6cb54c7a059a4dddf08546f8ccf453c52465a788f73066afcaab3a109fd7595c4d65d2a1109fd5cd3fc1c4d95598481c3a9c56d52e2f78a93b25a938eb7b0c8a75be0defbfdedc6bef113cd81e07262fb076d5f26a77a3bcc9cd934e56690eba494bd89ac0f07cb330f25ca490435ab4259445a757077ae76555d8a06432ff8e2c796010ea3b6c219dd135066552badd2e4f5feae738bf95e71f9c9be11b02ed6d62a5b58025ca33d1544c2ba5567cee0db6b529428351d8fdc362c8e6cd2c960318e1e82f47e4dc2ed98afac7cfebc0391f84dfaaaf1d50ee0c524b02d7acec661085fa41e21047f6256a70173540f48e7237c01344893ed2b42aba5e608cf684b043c245385a06f16fea20edb000580239d5e40b7ee1900f524f5bf89fd1d0a8bc02e7079c2eb1af7ab5cefc6fb4eb8228fa461bbaf308c49ef8bf08c79c6d5",DREAM2
